audit_sample_id,p203_index_row_id,p202_audit_row_id,row_source,row_role,sample_id,observation_id,canonical_label,source,session_id,frame_index,tracklet_id,physical_key,raw_segmentation_color_left_path,raw_segmentation_greyscale_left_path,raw_segmentation_color_right_path,raw_segmentation_greyscale_right_path,raw_rgb_left_path,raw_depth_left_path,visibility_quality,mask_alignment_quality,depth_quality,occlusion_level,blur_level,reviewer_note,quality_blocker
p206_001,p203_00001,p202_00001,p193,observation,hallway:obs_torwic_hallway_benchmark_batch2_v1__2022-06-15__Hallway_Full_CCW_000007_003,obs_torwic_hallway_benchmark_batch2_v1__2022-06-15__Hallway_Full_CCW_000007_003,forklift,hallway,torwic_hallway_benchmark_batch2_v1__2022-06-15__Hallway_Full_CCW,7,trk_torwic_hallway_benchmark_batch2_v1__2022-06-15__Hallway_Full_CCW_003,2022-06-15__Hallway_Full_CCW::000007::rack_forklift_003,"data/TorWIC_SLAM_Dataset/Jun. 15, 2022/Hallway_Full_CCW/Hallway_Full_CCW/segmentation_color_left/000007.png","data/TorWIC_SLAM_Dataset/Jun. 15, 2022/Hallway_Full_CCW/Hallway_Full_CCW/segmentation_greyscale_left/000007.png","data/TorWIC_SLAM_Dataset/Jun. 15, 2022/Hallway_Full_CCW/Hallway_Full_CCW/segmentation_color_right/000007.png","data/TorWIC_SLAM_Dataset/Jun. 15, 2022/Hallway_Full_CCW/Hallway_Full_CCW/segmentation_greyscale_right/000007.png","data/TorWIC_SLAM_Dataset/Jun. 15, 2022/Hallway_Full_CCW/Hallway_Full_CCW/image_left/000007.png","data/TorWIC_SLAM_Dataset/Jun. 15, 2022/Hallway_Full_CCW/Hallway_Full_CCW/depth_left/000007.png",,,,,,,
p206_002,p203_00004,p202_00004,p193,observation,hallway:obs_torwic_hallway_benchmark_batch2_v1__2022-06-23__Hallway_Straight_CCW_000007_006,obs_torwic_hallway_benchmark_batch2_v1__2022-06-23__Hallway_Straight_CCW_000007_006,warehouse rack,hallway,torwic_hallway_benchmark_batch2_v1__2022-06-23__Hallway_Straight_CCW,7,trk_torwic_hallway_benchmark_batch2_v1__2022-06-23__Hallway_Straight_CCW_006,2022-06-23__Hallway_Straight_CCW::000007::warehouse_rack_006,"data/TorWIC_SLAM_Dataset/Jun. 23, 2022/Hallway_Straight_CCW/Hallway_Straight_CCW/segmentation_color_left/000007.png","data/TorWIC_SLAM_Dataset/Jun. 23, 2022/Hallway_Straight_CCW/Hallway_Straight_CCW/segmentation_greyscale_left/000007.png","data/TorWIC_SLAM_Dataset/Jun. 23, 2022/Hallway_Straight_CCW/Hallway_Straight_CCW/segmentation_color_right/000007.png","data/TorWIC_SLAM_Dataset/Jun. 23, 2022/Hallway_Straight_CCW/Hallway_Straight_CCW/segmentation_greyscale_right/000007.png","data/TorWIC_SLAM_Dataset/Jun. 23, 2022/Hallway_Straight_CCW/Hallway_Straight_CCW/image_left/000007.png","data/TorWIC_SLAM_Dataset/Jun. 23, 2022/Hallway_Straight_CCW/Hallway_Straight_CCW/depth_left/000007.png",,,,,,,
p206_003,p203_00011,p202_00011,p193,observation,hallway:obs_torwic_hallway_benchmark_batch2_v1__2022-10-12__Hallway_Full_CW_Run_1_000007_001,obs_torwic_hallway_benchmark_batch2_v1__2022-10-12__Hallway_Full_CW_Run_1_000007_001,barrier,hallway,torwic_hallway_benchmark_batch2_v1__2022-10-12__Hallway_Full_CW_Run_1,7,trk_torwic_hallway_benchmark_batch2_v1__2022-10-12__Hallway_Full_CW_Run_1_001,2022-10-12__Hallway_Full_CW_Run_1::000007::barrier_001,"data/TorWIC_SLAM_Dataset/Oct. 12, 2022/Hallway_Full_CW_Run_1/Hallway_Full_CW_Run_1/segmentation_color_left/000007.png","data/TorWIC_SLAM_Dataset/Oct. 12, 2022/Hallway_Full_CW_Run_1/Hallway_Full_CW_Run_1/segmentation_greyscale_left/000007.png","data/TorWIC_SLAM_Dataset/Oct. 12, 2022/Hallway_Full_CW_Run_1/Hallway_Full_CW_Run_1/segmentation_color_right/000007.png","data/TorWIC_SLAM_Dataset/Oct. 12, 2022/Hallway_Full_CW_Run_1/Hallway_Full_CW_Run_1/segmentation_greyscale_right/000007.png","data/TorWIC_SLAM_Dataset/Oct. 12, 2022/Hallway_Full_CW_Run_1/Hallway_Full_CW_Run_1/image_left/000007.png","data/TorWIC_SLAM_Dataset/Oct. 12, 2022/Hallway_Full_CW_Run_1/Hallway_Full_CW_Run_1/depth_left/000007.png",,,,,,,
p206_004,p203_00073,p202_00073,p193,observation,cross_day:obs_torwic_cross_day_aisle_bundle_v1__2022-06-15__Aisle_CW_Run_2_000007_001,obs_torwic_cross_day_aisle_bundle_v1__2022-06-15__Aisle_CW_Run_2_000007_001,barrier,cross_day,torwic_cross_day_aisle_bundle_v1__2022-06-15__Aisle_CW_Run_2,7,trk_torwic_cross_day_aisle_bundle_v1__2022-06-15__Aisle_CW_Run_2_001,2022-06-15__Aisle_CW_Run_2::000007::barrier_001,"data/TorWIC_SLAM_Dataset/Jun. 15, 2022/Aisle_CW_Run_2/Aisle_CW_Run_2/segmentation_color_left/000007.png","data/TorWIC_SLAM_Dataset/Jun. 15, 2022/Aisle_CW_Run_2/Aisle_CW_Run_2/segmentation_greyscale_left/000007.png","data/TorWIC_SLAM_Dataset/Jun. 15, 2022/Aisle_CW_Run_2/Aisle_CW_Run_2/segmentation_color_right/000007.png","data/TorWIC_SLAM_Dataset/Jun. 15, 2022/Aisle_CW_Run_2/Aisle_CW_Run_2/segmentation_greyscale_right/000007.png","data/TorWIC_SLAM_Dataset/Jun. 15, 2022/Aisle_CW_Run_2/Aisle_CW_Run_2/image_left/000007.png","data/TorWIC_SLAM_Dataset/Jun. 15, 2022/Aisle_CW_Run_2/Aisle_CW_Run_2/depth_left/000007.png",,,,,,,
p206_005,p203_00077,p202_00077,p193,observation,cross_day:obs_torwic_cross_day_aisle_bundle_v1__2022-06-23__Aisle_CW_Run_2_000007_006,obs_torwic_cross_day_aisle_bundle_v1__2022-06-23__Aisle_CW_Run_2_000007_006,forklift,cross_day,torwic_cross_day_aisle_bundle_v1__2022-06-23__Aisle_CW_Run_2,7,trk_torwic_cross_day_aisle_bundle_v1__2022-06-23__Aisle_CW_Run_2_006,2022-06-23__Aisle_CW_Run_2::000007::forklift_006,"data/TorWIC_SLAM_Dataset/Jun. 23, 2022/Aisle_CW_Run_2/Aisle_CW_Run_2/segmentation_color_left/000007.png","data/TorWIC_SLAM_Dataset/Jun. 23, 2022/Aisle_CW_Run_2/Aisle_CW_Run_2/segmentation_greyscale_left/000007.png","data/TorWIC_SLAM_Dataset/Jun. 23, 2022/Aisle_CW_Run_2/Aisle_CW_Run_2/segmentation_color_right/000007.png","data/TorWIC_SLAM_Dataset/Jun. 23, 2022/Aisle_CW_Run_2/Aisle_CW_Run_2/segmentation_greyscale_right/000007.png","data/TorWIC_SLAM_Dataset/Jun. 23, 2022/Aisle_CW_Run_2/Aisle_CW_Run_2/image_left/000007.png","data/TorWIC_SLAM_Dataset/Jun. 23, 2022/Aisle_CW_Run_2/Aisle_CW_Run_2/depth_left/000007.png",,,,,,,
p206_006,p203_00106,p202_00106,p193,observation,cross_month:obs_torwic_cross_month_aisle_bundle_v1__2022-10-12__Aisle_CCW_000007_001,obs_torwic_cross_month_aisle_bundle_v1__2022-10-12__Aisle_CCW_000007_001,work table,cross_month,torwic_cross_month_aisle_bundle_v1__2022-10-12__Aisle_CCW,7,trk_torwic_cross_month_aisle_bundle_v1__2022-10-12__Aisle_CCW_001,2022-10-12__Aisle_CCW::000007::work_table_001,"data/TorWIC_SLAM_Dataset/Oct. 12, 2022/Aisle_CCW/Aisle_CCW/segmentation_color_left/000007.png","data/TorWIC_SLAM_Dataset/Oct. 12, 2022/Aisle_CCW/Aisle_CCW/segmentation_greyscale_left/000007.png","data/TorWIC_SLAM_Dataset/Oct. 12, 2022/Aisle_CCW/Aisle_CCW/segmentation_color_right/000007.png","data/TorWIC_SLAM_Dataset/Oct. 12, 2022/Aisle_CCW/Aisle_CCW/segmentation_greyscale_right/000007.png","data/TorWIC_SLAM_Dataset/Oct. 12, 2022/Aisle_CCW/Aisle_CCW/image_left/000007.png","data/TorWIC_SLAM_Dataset/Oct. 12, 2022/Aisle_CCW/Aisle_CCW/depth_left/000007.png",,,,,,,
p206_007,p203_00123,p202_00123,p199,observation,hallway:obs_torwic_hallway_benchmark_batch2_v1__2022-10-12__Hallway_Full_CW_Run_2_000007_003,obs_torwic_hallway_benchmark_batch2_v1__2022-10-12__Hallway_Full_CW_Run_2_000007_003,work table,hallway,torwic_hallway_benchmark_batch2_v1__2022-10-12__Hallway_Full_CW_Run_2,7,trk_torwic_hallway_benchmark_batch2_v1__2022-10-12__Hallway_Full_CW_Run_2_003,2022-10-12__Hallway_Full_CW_Run_2::000007::work_table_003,"data/TorWIC_SLAM_Dataset/Oct. 12, 2022/Hallway_Full_CW_Run_2/Hallway_Full_CW_Run_2/segmentation_color_left/000007.png","data/TorWIC_SLAM_Dataset/Oct. 12, 2022/Hallway_Full_CW_Run_2/Hallway_Full_CW_Run_2/segmentation_greyscale_left/000007.png","data/TorWIC_SLAM_Dataset/Oct. 12, 2022/Hallway_Full_CW_Run_2/Hallway_Full_CW_Run_2/segmentation_color_right/000007.png","data/TorWIC_SLAM_Dataset/Oct. 12, 2022/Hallway_Full_CW_Run_2/Hallway_Full_CW_Run_2/segmentation_greyscale_right/000007.png","data/TorWIC_SLAM_Dataset/Oct. 12, 2022/Hallway_Full_CW_Run_2/Hallway_Full_CW_Run_2/image_left/000007.png","data/TorWIC_SLAM_Dataset/Oct. 12, 2022/Hallway_Full_CW_Run_2/Hallway_Full_CW_Run_2/depth_left/000007.png",,,,,,,
p206_008,p203_00126,p202_00126,p199,observation,hallway:obs_torwic_hallway_benchmark_batch2_v1__2022-06-23__Hallway_Full_CW_000007_008,obs_torwic_hallway_benchmark_batch2_v1__2022-06-23__Hallway_Full_CW_000007_008,warehouse rack,hallway,torwic_hallway_benchmark_batch2_v1__2022-06-23__Hallway_Full_CW,7,trk_torwic_hallway_benchmark_batch2_v1__2022-06-23__Hallway_Full_CW_008,2022-06-23__Hallway_Full_CW::000007::warehouse_rack_008,"data/TorWIC_SLAM_Dataset/Jun. 23, 2022/Hallway_Full_CW/Hallway_Full_CW/segmentation_color_left/000007.png","data/TorWIC_SLAM_Dataset/Jun. 23, 2022/Hallway_Full_CW/Hallway_Full_CW/segmentation_greyscale_left/000007.png","data/TorWIC_SLAM_Dataset/Jun. 23, 2022/Hallway_Full_CW/Hallway_Full_CW/segmentation_color_right/000007.png","data/TorWIC_SLAM_Dataset/Jun. 23, 2022/Hallway_Full_CW/Hallway_Full_CW/segmentation_greyscale_right/000007.png","data/TorWIC_SLAM_Dataset/Jun. 23, 2022/Hallway_Full_CW/Hallway_Full_CW/image_left/000007.png","data/TorWIC_SLAM_Dataset/Jun. 23, 2022/Hallway_Full_CW/Hallway_Full_CW/depth_left/000007.png",,,,,,,
p206_009,p203_00137,p202_00137,p199,observation,hallway:obs_torwic_hallway_benchmark_batch2_v1__2022-06-23__Hallway_Straight_CW_000007_006,obs_torwic_hallway_benchmark_batch2_v1__2022-06-23__Hallway_Straight_CW_000007_006,warehouse rack,hallway,torwic_hallway_benchmark_batch2_v1__2022-06-23__Hallway_Straight_CW,7,trk_torwic_hallway_benchmark_batch2_v1__2022-06-23__Hallway_Straight_CW_006,2022-06-23__Hallway_Straight_CW::000007::warehouse_rack_006,"data/TorWIC_SLAM_Dataset/Jun. 23, 2022/Hallway_Straight_CW/Hallway_Straight_CW/segmentation_color_left/000007.png","data/TorWIC_SLAM_Dataset/Jun. 23, 2022/Hallway_Straight_CW/Hallway_Straight_CW/segmentation_greyscale_left/000007.png","data/TorWIC_SLAM_Dataset/Jun. 23, 2022/Hallway_Straight_CW/Hallway_Straight_CW/segmentation_color_right/000007.png","data/TorWIC_SLAM_Dataset/Jun. 23, 2022/Hallway_Straight_CW/Hallway_Straight_CW/segmentation_greyscale_right/000007.png","data/TorWIC_SLAM_Dataset/Jun. 23, 2022/Hallway_Straight_CW/Hallway_Straight_CW/image_left/000007.png","data/TorWIC_SLAM_Dataset/Jun. 23, 2022/Hallway_Straight_CW/Hallway_Straight_CW/depth_left/000007.png",,,,,,,
p206_010,p203_00172,p202_00172,p199,observation,cross_day:obs_torwic_cross_day_aisle_bundle_v1__2022-06-15__Aisle_CW_Run_1_000007_004,obs_torwic_cross_day_aisle_bundle_v1__2022-06-15__Aisle_CW_Run_1_000007_004,barrier,cross_day,torwic_cross_day_aisle_bundle_v1__2022-06-15__Aisle_CW_Run_1,7,trk_torwic_cross_day_aisle_bundle_v1__2022-06-15__Aisle_CW_Run_1_004,2022-06-15__Aisle_CW_Run_1::000007::barrier_004,"data/TorWIC_SLAM_Dataset/Jun. 15, 2022/Aisle_CW_Run_1/Aisle_CW_Run_1/segmentation_color_left/000007.png","data/TorWIC_SLAM_Dataset/Jun. 15, 2022/Aisle_CW_Run_1/Aisle_CW_Run_1/segmentation_greyscale_left/000007.png","data/TorWIC_SLAM_Dataset/Jun. 15, 2022/Aisle_CW_Run_1/Aisle_CW_Run_1/segmentation_color_right/000007.png","data/TorWIC_SLAM_Dataset/Jun. 15, 2022/Aisle_CW_Run_1/Aisle_CW_Run_1/segmentation_greyscale_right/000007.png","data/TorWIC_SLAM_Dataset/Jun. 15, 2022/Aisle_CW_Run_1/Aisle_CW_Run_1/image_left/000007.png","data/TorWIC_SLAM_Dataset/Jun. 15, 2022/Aisle_CW_Run_1/Aisle_CW_Run_1/depth_left/000007.png",,,,,,,
p206_011,p203_00208,p202_00208,p199,observation,same_day:obs_torwic_same_day_aisle_bundle_v1__2022-06-15__Aisle_CCW_Run_2_000007_005,obs_torwic_same_day_aisle_bundle_v1__2022-06-15__Aisle_CCW_Run_2_000007_005,forklift,same_day,torwic_same_day_aisle_bundle_v1__2022-06-15__Aisle_CCW_Run_2,7,trk_torwic_same_day_aisle_bundle_v1__2022-06-15__Aisle_CCW_Run_2_005,2022-06-15__Aisle_CCW_Run_2::000007::forklift_005,"data/TorWIC_SLAM_Dataset/Jun. 15, 2022/Aisle_CCW_Run_2/Aisle_CCW_Run_2/segmentation_color_left/000007.png","data/TorWIC_SLAM_Dataset/Jun. 15, 2022/Aisle_CCW_Run_2/Aisle_CCW_Run_2/segmentation_greyscale_left/000007.png","data/TorWIC_SLAM_Dataset/Jun. 15, 2022/Aisle_CCW_Run_2/Aisle_CCW_Run_2/segmentation_color_right/000007.png","data/TorWIC_SLAM_Dataset/Jun. 15, 2022/Aisle_CCW_Run_2/Aisle_CCW_Run_2/segmentation_greyscale_right/000007.png","data/TorWIC_SLAM_Dataset/Jun. 15, 2022/Aisle_CCW_Run_2/Aisle_CCW_Run_2/image_left/000007.png","data/TorWIC_SLAM_Dataset/Jun. 15, 2022/Aisle_CCW_Run_2/Aisle_CCW_Run_2/depth_left/000007.png",,,,,,,
p206_012,p203_00220,p202_00220,p199,observation,cross_month:obs_torwic_cross_month_aisle_bundle_v1__2022-10-12__Aisle_CW_000007_004,obs_torwic_cross_month_aisle_bundle_v1__2022-10-12__Aisle_CW_000007_004,barrier,cross_month,torwic_cross_month_aisle_bundle_v1__2022-10-12__Aisle_CW,7,trk_torwic_cross_month_aisle_bundle_v1__2022-10-12__Aisle_CW_004,2022-10-12__Aisle_CW::000007::barrier_004,"data/TorWIC_SLAM_Dataset/Oct. 12, 2022/Aisle_CW/Aisle_CW/segmentation_color_left/000007.png","data/TorWIC_SLAM_Dataset/Oct. 12, 2022/Aisle_CW/Aisle_CW/segmentation_greyscale_left/000007.png","data/TorWIC_SLAM_Dataset/Oct. 12, 2022/Aisle_CW/Aisle_CW/segmentation_color_right/000007.png","data/TorWIC_SLAM_Dataset/Oct. 12, 2022/Aisle_CW/Aisle_CW/segmentation_greyscale_right/000007.png","data/TorWIC_SLAM_Dataset/Oct. 12, 2022/Aisle_CW/Aisle_CW/image_left/000007.png","data/TorWIC_SLAM_Dataset/Oct. 12, 2022/Aisle_CW/Aisle_CW/depth_left/000007.png",,,,,,,
p206_013,p203_00225,p202_00225,p197_boundary,review_observation,cross_day:obs_torwic_cross_day_aisle_bundle_v1__2022-06-23__Aisle_CW_Run_1_000007_004,obs_torwic_cross_day_aisle_bundle_v1__2022-06-23__Aisle_CW_Run_1_000007_004,warehouse rack,cross_day,torwic_cross_day_aisle_bundle_v1__2022-06-23__Aisle_CW_Run_1,7,trk_torwic_cross_day_aisle_bundle_v1__2022-06-23__Aisle_CW_Run_1_004,,"data/TorWIC_SLAM_Dataset/Jun. 23, 2022/Aisle_CW_Run_1/Aisle_CW_Run_1/segmentation_color_left/000007.png","data/TorWIC_SLAM_Dataset/Jun. 23, 2022/Aisle_CW_Run_1/Aisle_CW_Run_1/segmentation_greyscale_left/000007.png","data/TorWIC_SLAM_Dataset/Jun. 23, 2022/Aisle_CW_Run_1/Aisle_CW_Run_1/segmentation_color_right/000007.png","data/TorWIC_SLAM_Dataset/Jun. 23, 2022/Aisle_CW_Run_1/Aisle_CW_Run_1/segmentation_greyscale_right/000007.png","data/TorWIC_SLAM_Dataset/Jun. 23, 2022/Aisle_CW_Run_1/Aisle_CW_Run_1/image_left/000007.png","data/TorWIC_SLAM_Dataset/Jun. 23, 2022/Aisle_CW_Run_1/Aisle_CW_Run_1/depth_left/000007.png",,,,,,,
p206_014,p203_00234,p202_00234,p197_boundary,review_observation,hallway:obs_torwic_hallway_benchmark_batch2_v1__2022-06-15__Hallway_Full_CW_000007_004,obs_torwic_hallway_benchmark_batch2_v1__2022-06-15__Hallway_Full_CW_000007_004,barrier,hallway,torwic_hallway_benchmark_batch2_v1__2022-06-15__Hallway_Full_CW,7,trk_torwic_hallway_benchmark_batch2_v1__2022-06-15__Hallway_Full_CW_004,,"data/TorWIC_SLAM_Dataset/Jun. 15, 2022/Hallway_Full_CW/Hallway_Full_CW/segmentation_color_left/000007.png","data/TorWIC_SLAM_Dataset/Jun. 15, 2022/Hallway_Full_CW/Hallway_Full_CW/segmentation_greyscale_left/000007.png","data/TorWIC_SLAM_Dataset/Jun. 15, 2022/Hallway_Full_CW/Hallway_Full_CW/segmentation_color_right/000007.png","data/TorWIC_SLAM_Dataset/Jun. 15, 2022/Hallway_Full_CW/Hallway_Full_CW/segmentation_greyscale_right/000007.png","data/TorWIC_SLAM_Dataset/Jun. 15, 2022/Hallway_Full_CW/Hallway_Full_CW/image_left/000007.png","data/TorWIC_SLAM_Dataset/Jun. 15, 2022/Hallway_Full_CW/Hallway_Full_CW/depth_left/000007.png",,,,,,,
p206_015,p203_00235,p202_00235,p197_boundary,review_observation,hallway:obs_torwic_hallway_benchmark_batch2_v1__2022-06-15__Hallway_Straight_CCW_000001_004,obs_torwic_hallway_benchmark_batch2_v1__2022-06-15__Hallway_Straight_CCW_000001_004,work table,hallway,torwic_hallway_benchmark_batch2_v1__2022-06-15__Hallway_Straight_CCW,1,trk_torwic_hallway_benchmark_batch2_v1__2022-06-15__Hallway_Straight_CCW_004,,"data/TorWIC_SLAM_Dataset/Jun. 15, 2022/Hallway_Straight_CCW/Hallway_Straight_CCW/segmentation_color_left/000001.png","data/TorWIC_SLAM_Dataset/Jun. 15, 2022/Hallway_Straight_CCW/Hallway_Straight_CCW/segmentation_greyscale_left/000001.png","data/TorWIC_SLAM_Dataset/Jun. 15, 2022/Hallway_Straight_CCW/Hallway_Straight_CCW/segmentation_color_right/000001.png","data/TorWIC_SLAM_Dataset/Jun. 15, 2022/Hallway_Straight_CCW/Hallway_Straight_CCW/segmentation_greyscale_right/000001.png","data/TorWIC_SLAM_Dataset/Jun. 15, 2022/Hallway_Straight_CCW/Hallway_Straight_CCW/image_left/000001.png","data/TorWIC_SLAM_Dataset/Jun. 15, 2022/Hallway_Straight_CCW/Hallway_Straight_CCW/depth_left/000001.png",,,,,,,
p206_016,p203_00243,p202_00243,p197_boundary,review_observation,hallway:obs_torwic_hallway_benchmark_batch2_v1__2022-10-12__Hallway_Straight_CCW_000007_001,obs_torwic_hallway_benchmark_batch2_v1__2022-10-12__Hallway_Straight_CCW_000007_001,work table,hallway,torwic_hallway_benchmark_batch2_v1__2022-10-12__Hallway_Straight_CCW,7,trk_torwic_hallway_benchmark_batch2_v1__2022-10-12__Hallway_Straight_CCW_001,,"data/TorWIC_SLAM_Dataset/Oct. 12, 2022/Hallway_Straight_CCW/Hallway_Straight_CCW/segmentation_color_left/000007.png","data/TorWIC_SLAM_Dataset/Oct. 12, 2022/Hallway_Straight_CCW/Hallway_Straight_CCW/segmentation_greyscale_left/000007.png","data/TorWIC_SLAM_Dataset/Oct. 12, 2022/Hallway_Straight_CCW/Hallway_Straight_CCW/segmentation_color_right/000007.png","data/TorWIC_SLAM_Dataset/Oct. 12, 2022/Hallway_Straight_CCW/Hallway_Straight_CCW/segmentation_greyscale_right/000007.png","data/TorWIC_SLAM_Dataset/Oct. 12, 2022/Hallway_Straight_CCW/Hallway_Straight_CCW/image_left/000007.png","data/TorWIC_SLAM_Dataset/Oct. 12, 2022/Hallway_Straight_CCW/Hallway_Straight_CCW/depth_left/000007.png",,,,,,,
p206_017,p203_00245,p202_00245,p197_boundary,review_observation,hallway:obs_torwic_hallway_benchmark_batch2_v1__2022-10-12__Hallway_Straight_CW_000007_001,obs_torwic_hallway_benchmark_batch2_v1__2022-10-12__Hallway_Straight_CW_000007_001,work table,hallway,torwic_hallway_benchmark_batch2_v1__2022-10-12__Hallway_Straight_CW,7,trk_torwic_hallway_benchmark_batch2_v1__2022-10-12__Hallway_Straight_CW_001,,"data/TorWIC_SLAM_Dataset/Oct. 12, 2022/Hallway_Straight_CW/Hallway_Straight_CW/segmentation_color_left/000007.png","data/TorWIC_SLAM_Dataset/Oct. 12, 2022/Hallway_Straight_CW/Hallway_Straight_CW/segmentation_greyscale_left/000007.png","data/TorWIC_SLAM_Dataset/Oct. 12, 2022/Hallway_Straight_CW/Hallway_Straight_CW/segmentation_color_right/000007.png","data/TorWIC_SLAM_Dataset/Oct. 12, 2022/Hallway_Straight_CW/Hallway_Straight_CW/segmentation_greyscale_right/000007.png","data/TorWIC_SLAM_Dataset/Oct. 12, 2022/Hallway_Straight_CW/Hallway_Straight_CW/image_left/000007.png","data/TorWIC_SLAM_Dataset/Oct. 12, 2022/Hallway_Straight_CW/Hallway_Straight_CW/depth_left/000007.png",,,,,,,
p206_018,p203_00248,p202_00248,p197_boundary,review_observation,same_day:obs_torwic_same_day_aisle_bundle_v1__2022-06-15__Aisle_CCW_Run_1_000007_003,obs_torwic_same_day_aisle_bundle_v1__2022-06-15__Aisle_CCW_Run_1_000007_003,work table,same_day,torwic_same_day_aisle_bundle_v1__2022-06-15__Aisle_CCW_Run_1,7,trk_torwic_same_day_aisle_bundle_v1__2022-06-15__Aisle_CCW_Run_1_003,,"data/TorWIC_SLAM_Dataset/Jun. 15, 2022/Aisle_CCW_Run_1/Aisle_CCW_Run_1/segmentation_color_left/000007.png","data/TorWIC_SLAM_Dataset/Jun. 15, 2022/Aisle_CCW_Run_1/Aisle_CCW_Run_1/segmentation_greyscale_left/000007.png","data/TorWIC_SLAM_Dataset/Jun. 15, 2022/Aisle_CCW_Run_1/Aisle_CCW_Run_1/segmentation_color_right/000007.png","data/TorWIC_SLAM_Dataset/Jun. 15, 2022/Aisle_CCW_Run_1/Aisle_CCW_Run_1/segmentation_greyscale_right/000007.png","data/TorWIC_SLAM_Dataset/Jun. 15, 2022/Aisle_CCW_Run_1/Aisle_CCW_Run_1/image_left/000007.png","data/TorWIC_SLAM_Dataset/Jun. 15, 2022/Aisle_CCW_Run_1/Aisle_CCW_Run_1/depth_left/000007.png",,,,,,,
p206_019,p203_00259,p202_00259,p197_pair,pair_side_a,hallway:obs_torwic_hallway_benchmark_batch2_v1__2022-06-23__Hallway_Full_CW_000007_006,obs_torwic_hallway_benchmark_batch2_v1__2022-06-23__Hallway_Full_CW_000007_006,warehouse rack,hallway,torwic_hallway_benchmark_batch2_v1__2022-06-23__Hallway_Full_CW,000007,,,"data/TorWIC_SLAM_Dataset/Jun. 23, 2022/Hallway_Full_CW/Hallway_Full_CW/segmentation_color_left/000007.png","data/TorWIC_SLAM_Dataset/Jun. 23, 2022/Hallway_Full_CW/Hallway_Full_CW/segmentation_greyscale_left/000007.png","data/TorWIC_SLAM_Dataset/Jun. 23, 2022/Hallway_Full_CW/Hallway_Full_CW/segmentation_color_right/000007.png","data/TorWIC_SLAM_Dataset/Jun. 23, 2022/Hallway_Full_CW/Hallway_Full_CW/segmentation_greyscale_right/000007.png","data/TorWIC_SLAM_Dataset/Jun. 23, 2022/Hallway_Full_CW/Hallway_Full_CW/image_left/000007.png","data/TorWIC_SLAM_Dataset/Jun. 23, 2022/Hallway_Full_CW/Hallway_Full_CW/depth_left/000007.png",,,,,,,
p206_020,p203_00260,p202_00260,p197_pair,pair_side_b,hallway:obs_torwic_hallway_benchmark_batch2_v1__2022-10-12__Hallway_Full_CW_Run_2_000007_006,obs_torwic_hallway_benchmark_batch2_v1__2022-10-12__Hallway_Full_CW_Run_2_000007_006,warehouse rack,hallway,torwic_hallway_benchmark_batch2_v1__2022-10-12__Hallway_Full_CW_Run_2,000007,,,"data/TorWIC_SLAM_Dataset/Oct. 12, 2022/Hallway_Full_CW_Run_2/Hallway_Full_CW_Run_2/segmentation_color_left/000007.png","data/TorWIC_SLAM_Dataset/Oct. 12, 2022/Hallway_Full_CW_Run_2/Hallway_Full_CW_Run_2/segmentation_greyscale_left/000007.png","data/TorWIC_SLAM_Dataset/Oct. 12, 2022/Hallway_Full_CW_Run_2/Hallway_Full_CW_Run_2/segmentation_color_right/000007.png","data/TorWIC_SLAM_Dataset/Oct. 12, 2022/Hallway_Full_CW_Run_2/Hallway_Full_CW_Run_2/segmentation_greyscale_right/000007.png","data/TorWIC_SLAM_Dataset/Oct. 12, 2022/Hallway_Full_CW_Run_2/Hallway_Full_CW_Run_2/image_left/000007.png","data/TorWIC_SLAM_Dataset/Oct. 12, 2022/Hallway_Full_CW_Run_2/Hallway_Full_CW_Run_2/depth_left/000007.png",,,,,,,
p206_021,p203_00272,p202_00272,p197_pair,pair_side_b,hallway:obs_torwic_hallway_benchmark_batch2_v1__2022-06-23__Hallway_Straight_CCW_000007_007,obs_torwic_hallway_benchmark_batch2_v1__2022-06-23__Hallway_Straight_CCW_000007_007,forklift,hallway,torwic_hallway_benchmark_batch2_v1__2022-06-23__Hallway_Straight_CCW,000007,,,"data/TorWIC_SLAM_Dataset/Jun. 23, 2022/Hallway_Straight_CCW/Hallway_Straight_CCW/segmentation_color_left/000007.png","data/TorWIC_SLAM_Dataset/Jun. 23, 2022/Hallway_Straight_CCW/Hallway_Straight_CCW/segmentation_greyscale_left/000007.png","data/TorWIC_SLAM_Dataset/Jun. 23, 2022/Hallway_Straight_CCW/Hallway_Straight_CCW/segmentation_color_right/000007.png","data/TorWIC_SLAM_Dataset/Jun. 23, 2022/Hallway_Straight_CCW/Hallway_Straight_CCW/segmentation_greyscale_right/000007.png","data/TorWIC_SLAM_Dataset/Jun. 23, 2022/Hallway_Straight_CCW/Hallway_Straight_CCW/image_left/000007.png","data/TorWIC_SLAM_Dataset/Jun. 23, 2022/Hallway_Straight_CCW/Hallway_Straight_CCW/depth_left/000007.png",,,,,,,
p206_022,p203_00276,p202_00276,p197_pair,pair_side_b,hallway:obs_torwic_hallway_benchmark_batch2_v1__2022-06-15__Hallway_Full_CW_000007_002,obs_torwic_hallway_benchmark_batch2_v1__2022-06-15__Hallway_Full_CW_000007_002,barrier,hallway,torwic_hallway_benchmark_batch2_v1__2022-06-15__Hallway_Full_CW,000007,,,"data/TorWIC_SLAM_Dataset/Jun. 15, 2022/Hallway_Full_CW/Hallway_Full_CW/segmentation_color_left/000007.png","data/TorWIC_SLAM_Dataset/Jun. 15, 2022/Hallway_Full_CW/Hallway_Full_CW/segmentation_greyscale_left/000007.png","data/TorWIC_SLAM_Dataset/Jun. 15, 2022/Hallway_Full_CW/Hallway_Full_CW/segmentation_color_right/000007.png","data/TorWIC_SLAM_Dataset/Jun. 15, 2022/Hallway_Full_CW/Hallway_Full_CW/segmentation_greyscale_right/000007.png","data/TorWIC_SLAM_Dataset/Jun. 15, 2022/Hallway_Full_CW/Hallway_Full_CW/image_left/000007.png","data/TorWIC_SLAM_Dataset/Jun. 15, 2022/Hallway_Full_CW/Hallway_Full_CW/depth_left/000007.png",,,,,,,
p206_023,p203_00280,p202_00280,p197_pair,pair_side_b,cross_day:obs_torwic_cross_day_aisle_bundle_v1__2022-06-23__Aisle_CW_Run_1_000007_008,obs_torwic_cross_day_aisle_bundle_v1__2022-06-23__Aisle_CW_Run_1_000007_008,warehouse rack,cross_day,torwic_cross_day_aisle_bundle_v1__2022-06-23__Aisle_CW_Run_1,000007,,,"data/TorWIC_SLAM_Dataset/Jun. 23, 2022/Aisle_CW_Run_1/Aisle_CW_Run_1/segmentation_color_left/000007.png","data/TorWIC_SLAM_Dataset/Jun. 23, 2022/Aisle_CW_Run_1/Aisle_CW_Run_1/segmentation_greyscale_left/000007.png","data/TorWIC_SLAM_Dataset/Jun. 23, 2022/Aisle_CW_Run_1/Aisle_CW_Run_1/segmentation_color_right/000007.png","data/TorWIC_SLAM_Dataset/Jun. 23, 2022/Aisle_CW_Run_1/Aisle_CW_Run_1/segmentation_greyscale_right/000007.png","data/TorWIC_SLAM_Dataset/Jun. 23, 2022/Aisle_CW_Run_1/Aisle_CW_Run_1/image_left/000007.png","data/TorWIC_SLAM_Dataset/Jun. 23, 2022/Aisle_CW_Run_1/Aisle_CW_Run_1/depth_left/000007.png",,,,,,,
p206_024,p203_00291,p202_00291,p197_pair,pair_side_a,hallway:obs_torwic_hallway_benchmark_batch2_v1__2022-06-15__Hallway_Full_CCW_000007_006,obs_torwic_hallway_benchmark_batch2_v1__2022-06-15__Hallway_Full_CCW_000007_006,warehouse rack,hallway,torwic_hallway_benchmark_batch2_v1__2022-06-15__Hallway_Full_CCW,000007,,,"data/TorWIC_SLAM_Dataset/Jun. 15, 2022/Hallway_Full_CCW/Hallway_Full_CCW/segmentation_color_left/000007.png","data/TorWIC_SLAM_Dataset/Jun. 15, 2022/Hallway_Full_CCW/Hallway_Full_CCW/segmentation_greyscale_left/000007.png","data/TorWIC_SLAM_Dataset/Jun. 15, 2022/Hallway_Full_CCW/Hallway_Full_CCW/segmentation_color_right/000007.png","data/TorWIC_SLAM_Dataset/Jun. 15, 2022/Hallway_Full_CCW/Hallway_Full_CCW/segmentation_greyscale_right/000007.png","data/TorWIC_SLAM_Dataset/Jun. 15, 2022/Hallway_Full_CCW/Hallway_Full_CCW/image_left/000007.png","data/TorWIC_SLAM_Dataset/Jun. 15, 2022/Hallway_Full_CCW/Hallway_Full_CCW/depth_left/000007.png",,,,,,,
p206_025,p203_00308,p202_00308,p197_pair,pair_side_b,cross_day:obs_torwic_cross_day_aisle_bundle_v1__2022-06-23__Aisle_CW_Run_2_000007_002,obs_torwic_cross_day_aisle_bundle_v1__2022-06-23__Aisle_CW_Run_2_000007_002,work table,cross_day,torwic_cross_day_aisle_bundle_v1__2022-06-23__Aisle_CW_Run_2,000007,,,"data/TorWIC_SLAM_Dataset/Jun. 23, 2022/Aisle_CW_Run_2/Aisle_CW_Run_2/segmentation_color_left/000007.png","data/TorWIC_SLAM_Dataset/Jun. 23, 2022/Aisle_CW_Run_2/Aisle_CW_Run_2/segmentation_greyscale_left/000007.png","data/TorWIC_SLAM_Dataset/Jun. 23, 2022/Aisle_CW_Run_2/Aisle_CW_Run_2/segmentation_color_right/000007.png","data/TorWIC_SLAM_Dataset/Jun. 23, 2022/Aisle_CW_Run_2/Aisle_CW_Run_2/segmentation_greyscale_right/000007.png","data/TorWIC_SLAM_Dataset/Jun. 23, 2022/Aisle_CW_Run_2/Aisle_CW_Run_2/image_left/000007.png","data/TorWIC_SLAM_Dataset/Jun. 23, 2022/Aisle_CW_Run_2/Aisle_CW_Run_2/depth_left/000007.png",,,,,,,
p206_026,p203_00315,p202_00315,p197_pair,pair_side_a,cross_month:obs_torwic_cross_month_aisle_bundle_v1__2022-10-12__Aisle_CCW_000007_003,obs_torwic_cross_month_aisle_bundle_v1__2022-10-12__Aisle_CCW_000007_003,forklift,cross_month,torwic_cross_month_aisle_bundle_v1__2022-10-12__Aisle_CCW,000007,,,"data/TorWIC_SLAM_Dataset/Oct. 12, 2022/Aisle_CCW/Aisle_CCW/segmentation_color_left/000007.png","data/TorWIC_SLAM_Dataset/Oct. 12, 2022/Aisle_CCW/Aisle_CCW/segmentation_greyscale_left/000007.png","data/TorWIC_SLAM_Dataset/Oct. 12, 2022/Aisle_CCW/Aisle_CCW/segmentation_color_right/000007.png","data/TorWIC_SLAM_Dataset/Oct. 12, 2022/Aisle_CCW/Aisle_CCW/segmentation_greyscale_right/000007.png","data/TorWIC_SLAM_Dataset/Oct. 12, 2022/Aisle_CCW/Aisle_CCW/image_left/000007.png","data/TorWIC_SLAM_Dataset/Oct. 12, 2022/Aisle_CCW/Aisle_CCW/depth_left/000007.png",,,,,,,
p206_027,p203_00316,p202_00316,p197_pair,pair_side_b,cross_month:obs_torwic_cross_month_aisle_bundle_v1__2022-10-12__Aisle_CW_000007_001,obs_torwic_cross_month_aisle_bundle_v1__2022-10-12__Aisle_CW_000007_001,forklift,cross_month,torwic_cross_month_aisle_bundle_v1__2022-10-12__Aisle_CW,000007,,,"data/TorWIC_SLAM_Dataset/Oct. 12, 2022/Aisle_CW/Aisle_CW/segmentation_color_left/000007.png","data/TorWIC_SLAM_Dataset/Oct. 12, 2022/Aisle_CW/Aisle_CW/segmentation_greyscale_left/000007.png","data/TorWIC_SLAM_Dataset/Oct. 12, 2022/Aisle_CW/Aisle_CW/segmentation_color_right/000007.png","data/TorWIC_SLAM_Dataset/Oct. 12, 2022/Aisle_CW/Aisle_CW/segmentation_greyscale_right/000007.png","data/TorWIC_SLAM_Dataset/Oct. 12, 2022/Aisle_CW/Aisle_CW/image_left/000007.png","data/TorWIC_SLAM_Dataset/Oct. 12, 2022/Aisle_CW/Aisle_CW/depth_left/000007.png",,,,,,,
p206_028,p203_00323,p202_00323,p197_pair,pair_side_a,cross_day:obs_torwic_cross_day_aisle_bundle_v1__2022-06-15__Aisle_CW_Run_2_000007_006,obs_torwic_cross_day_aisle_bundle_v1__2022-06-15__Aisle_CW_Run_2_000007_006,work table,cross_day,torwic_cross_day_aisle_bundle_v1__2022-06-15__Aisle_CW_Run_2,000007,,,"data/TorWIC_SLAM_Dataset/Jun. 15, 2022/Aisle_CW_Run_2/Aisle_CW_Run_2/segmentation_color_left/000007.png","data/TorWIC_SLAM_Dataset/Jun. 15, 2022/Aisle_CW_Run_2/Aisle_CW_Run_2/segmentation_greyscale_left/000007.png","data/TorWIC_SLAM_Dataset/Jun. 15, 2022/Aisle_CW_Run_2/Aisle_CW_Run_2/segmentation_color_right/000007.png","data/TorWIC_SLAM_Dataset/Jun. 15, 2022/Aisle_CW_Run_2/Aisle_CW_Run_2/segmentation_greyscale_right/000007.png","data/TorWIC_SLAM_Dataset/Jun. 15, 2022/Aisle_CW_Run_2/Aisle_CW_Run_2/image_left/000007.png","data/TorWIC_SLAM_Dataset/Jun. 15, 2022/Aisle_CW_Run_2/Aisle_CW_Run_2/depth_left/000007.png",,,,,,,
p206_029,p203_00325,p202_00325,p197_pair,pair_side_a,hallway:obs_torwic_hallway_benchmark_batch2_v1__2022-10-12__Hallway_Straight_CCW_000007_005,obs_torwic_hallway_benchmark_batch2_v1__2022-10-12__Hallway_Straight_CCW_000007_005,forklift,hallway,torwic_hallway_benchmark_batch2_v1__2022-10-12__Hallway_Straight_CCW,000007,,,"data/TorWIC_SLAM_Dataset/Oct. 12, 2022/Hallway_Straight_CCW/Hallway_Straight_CCW/segmentation_color_left/000007.png","data/TorWIC_SLAM_Dataset/Oct. 12, 2022/Hallway_Straight_CCW/Hallway_Straight_CCW/segmentation_greyscale_left/000007.png","data/TorWIC_SLAM_Dataset/Oct. 12, 2022/Hallway_Straight_CCW/Hallway_Straight_CCW/segmentation_color_right/000007.png","data/TorWIC_SLAM_Dataset/Oct. 12, 2022/Hallway_Straight_CCW/Hallway_Straight_CCW/segmentation_greyscale_right/000007.png","data/TorWIC_SLAM_Dataset/Oct. 12, 2022/Hallway_Straight_CCW/Hallway_Straight_CCW/image_left/000007.png","data/TorWIC_SLAM_Dataset/Oct. 12, 2022/Hallway_Straight_CCW/Hallway_Straight_CCW/depth_left/000007.png",,,,,,,
p206_030,p203_00331,p202_00331,p197_pair,pair_side_a,same_day:obs_torwic_same_day_aisle_bundle_v1__2022-06-15__Aisle_CCW_Run_2_000007_003,obs_torwic_same_day_aisle_bundle_v1__2022-06-15__Aisle_CCW_Run_2_000007_003,barrier,same_day,torwic_same_day_aisle_bundle_v1__2022-06-15__Aisle_CCW_Run_2,000007,,,"data/TorWIC_SLAM_Dataset/Jun. 15, 2022/Aisle_CCW_Run_2/Aisle_CCW_Run_2/segmentation_color_left/000007.png","data/TorWIC_SLAM_Dataset/Jun. 15, 2022/Aisle_CCW_Run_2/Aisle_CCW_Run_2/segmentation_greyscale_left/000007.png","data/TorWIC_SLAM_Dataset/Jun. 15, 2022/Aisle_CCW_Run_2/Aisle_CCW_Run_2/segmentation_color_right/000007.png","data/TorWIC_SLAM_Dataset/Jun. 15, 2022/Aisle_CCW_Run_2/Aisle_CCW_Run_2/segmentation_greyscale_right/000007.png","data/TorWIC_SLAM_Dataset/Jun. 15, 2022/Aisle_CCW_Run_2/Aisle_CCW_Run_2/image_left/000007.png","data/TorWIC_SLAM_Dataset/Jun. 15, 2022/Aisle_CCW_Run_2/Aisle_CCW_Run_2/depth_left/000007.png",,,,,,,
p206_031,p203_00332,p202_00332,p197_pair,pair_side_b,same_day:obs_torwic_same_day_aisle_bundle_v1__2022-06-15__Aisle_CCW_Run_1_000007_004,obs_torwic_same_day_aisle_bundle_v1__2022-06-15__Aisle_CCW_Run_1_000007_004,barrier,same_day,torwic_same_day_aisle_bundle_v1__2022-06-15__Aisle_CCW_Run_1,000007,,,"data/TorWIC_SLAM_Dataset/Jun. 15, 2022/Aisle_CCW_Run_1/Aisle_CCW_Run_1/segmentation_color_left/000007.png","data/TorWIC_SLAM_Dataset/Jun. 15, 2022/Aisle_CCW_Run_1/Aisle_CCW_Run_1/segmentation_greyscale_left/000007.png","data/TorWIC_SLAM_Dataset/Jun. 15, 2022/Aisle_CCW_Run_1/Aisle_CCW_Run_1/segmentation_color_right/000007.png","data/TorWIC_SLAM_Dataset/Jun. 15, 2022/Aisle_CCW_Run_1/Aisle_CCW_Run_1/segmentation_greyscale_right/000007.png","data/TorWIC_SLAM_Dataset/Jun. 15, 2022/Aisle_CCW_Run_1/Aisle_CCW_Run_1/image_left/000007.png","data/TorWIC_SLAM_Dataset/Jun. 15, 2022/Aisle_CCW_Run_1/Aisle_CCW_Run_1/depth_left/000007.png",,,,,,,
p206_032,p203_00422,p202_00422,p197_pair,pair_side_b,cross_day:obs_torwic_cross_day_aisle_bundle_v1__2022-06-15__Aisle_CW_Run_1_000007_002,obs_torwic_cross_day_aisle_bundle_v1__2022-06-15__Aisle_CW_Run_1_000007_002,forklift,cross_day,torwic_cross_day_aisle_bundle_v1__2022-06-15__Aisle_CW_Run_1,000007,,,"data/TorWIC_SLAM_Dataset/Jun. 15, 2022/Aisle_CW_Run_1/Aisle_CW_Run_1/segmentation_color_left/000007.png","data/TorWIC_SLAM_Dataset/Jun. 15, 2022/Aisle_CW_Run_1/Aisle_CW_Run_1/segmentation_greyscale_left/000007.png","data/TorWIC_SLAM_Dataset/Jun. 15, 2022/Aisle_CW_Run_1/Aisle_CW_Run_1/segmentation_color_right/000007.png","data/TorWIC_SLAM_Dataset/Jun. 15, 2022/Aisle_CW_Run_1/Aisle_CW_Run_1/segmentation_greyscale_right/000007.png","data/TorWIC_SLAM_Dataset/Jun. 15, 2022/Aisle_CW_Run_1/Aisle_CW_Run_1/image_left/000007.png","data/TorWIC_SLAM_Dataset/Jun. 15, 2022/Aisle_CW_Run_1/Aisle_CW_Run_1/depth_left/000007.png",,,,,,,
